headline,source,url,datetime
A diminished ‘Magnificent 7’ tests Big Tech’s role in the market: Morning Brief,Yahoo,https://finnhub.io/api/news?id=0dabadbb9516a390770604ac1733650b9e1d8540e5b01e4352701f761274334b,2025-04-09 09:59:13
"Trending tickers: Apple, Advanced Micro Devices, Ford, BP and AstraZeneca",Yahoo,https://finnhub.io/api/news?id=f174994d7958409ccee096f5e5aaf036aa2689f11dbee534b7e88de9da1c2f76,2025-04-09 09:32:54
"These Stocks Are Moving the Most Today: Apple, Microsoft, Tesla, Peabody Energy, Nvidia, Cal-Maine, and Delta",Yahoo,https://finnhub.io/api/news?id=6b57b74d00a8d358bec5111cd9192bd00f0dceb9718b3d0042b2aacec8b3dc8f,2025-04-09 09:21:00
Apple Supplier Luxshare to Maintain Vietnam Production Hub to Support U.S. Market,Finnhub,https://finnhub.io/api/news?id=46a803dfacdfce29e4663b6d7e830a041ed830543e61578016766d35743affb8,2025-04-09 07:14:07
Wall Street Breakfast Podcast: Easter Spending To Hop To $23.6B Despite Uncertainty,SeekingAlpha,https://finnhub.io/api/news?id=25806df4760050d75402b5728b82968a84c21d6d2cb755a9fad8905ebafbf29c,2025-04-09 06:46:25
"iPhone could triple in price to $3,500 if they’re made in the US",Yahoo,https://finnhub.io/api/news?id=090005a9a2aad65d1a64b38924ffc4f50e4dd6cc33d0487a3dec6d533b1bdda9,2025-04-09 06:36:39
ClearBridge Appreciation Strategy Q1 2025 Commentary,SeekingAlpha,https://finnhub.io/api/news?id=083f158d4301c89c95f0620eb374801f3c24c5ea5191a271a05948cd419529b0,2025-04-09 05:55:00
ClearBridge Global Growth Strategy Q1 2025 Commentary,SeekingAlpha,https://finnhub.io/api/news?id=7d34102d44b898665644c314af3136e5c6d933ec19214224955ab36b39f01452,2025-04-09 05:40:00
Exclusive-Apple supplier Luxshare weighs manufacturing in U.S. to tackle tariffs,Finnhub,https://finnhub.io/api/news?id=a29672c7f6ae69850d405ce957dd20231488a7782a0ddb6e5edea3e834a1f63c,2025-04-09 05:29:42
Apple: Beware The Lollapalooza Effect,SeekingAlpha,https://finnhub.io/api/news?id=30ce9ca9057b8c72d2e5c4ccc099dca454cfcca8107b4225bdfe0b740eec0734,2025-04-09 04:01:12
"Dow Jones Futures Tumble, Yields Surge As Sweeping Trump Tariffs Begin",DowJones,https://finnhub.io/api/news?id=93baf4d890fad89bcb6b2fc0b432d311330142cf9114b3effa81da2fb0569c03,2025-04-09 00:07:26
Apple Loses Title of World's Most Valuable Company as China Tariffs Loom,Yahoo,https://finnhub.io/api/news?id=a8a1b999925d3ad5c3f0af1cc8d042d46f1410196a970274260c37a5a7fb260e,2025-04-08 21:44:43
"Cellphones, clothes, TVs, toys: This is all the stuff the U.S. buys from China",MarketWatch,https://finnhub.io/api/news?id=186b64aa9ba25a52cfca60dd0c16ca8776c01763facfdf9b255f9b64ab96e87c,2025-04-08 21:32:00
Video: What Tariffs Will Do to Your iPhone,Yahoo,https://finnhub.io/api/news?id=622a221041039b20908bbdbd0f50e2b022b9056c88180e74d7c2323864be6a36,2025-04-08 21:07:15
Apple Cedes Most-Valuable Crown After Tariff Pain Hits Stock Price,Yahoo,https://finnhub.io/api/news?id=48e908180e7595028f18d3f090ae87856365fd600951b762a59fc7a56e536205,2025-04-08 20:59:01
Apple Stock Falls After Getting Two Negative Reports,Yahoo,https://finnhub.io/api/news?id=5d379599d57ac28b9541b739874b08f681df2fa5b10452a54ba8ac93c309f695,2025-04-08 20:39:08
"These Stocks Moved the Most Today: Apple, Nvidia, Broadcom, Humana, CVS, Tesla, Super Micro, Marvell, and More",Yahoo,https://finnhub.io/api/news?id=cb7640f64282c4b3271792b9933ac44de69e0e071461958b8d33d86822ad4780,2025-04-08 20:32:00
"Wedbush Cuts Apple, Tesla Targets as Tariff Pressure Mounts",Yahoo,https://finnhub.io/api/news?id=e800655e18e4a3b3202579f6ece8c26cc3158c636e4993c203e6317c33f6071a,2025-04-08 20:18:25
US Stock Futures Soar as Dip Buyers Emerge After Selloff,Yahoo,https://finnhub.io/api/news?id=a66a1986818f3d5f198e3584c44db07c2283d141c1809a84b27a842f05ca9363,2025-04-08 12:21:49
Why We Don’t Have a Made-in-America iPhone,Yahoo,https://finnhub.io/api/news?id=5ce99c516d3dce017bf5bae759d8b3ac4d4a3e8e5dbd2e6d4b27dfdf417fb03c,2025-04-08 19:54:00
Apple Exported More Than $17 Billion of iPhones From India Last Year,Yahoo,https://finnhub.io/api/news?id=4b18f50ab8b0944f3165c4a7c562fe885b225c45abe4453f21464e6483c64b5e,2025-04-08 19:37:01
"Apple's Post-Earnings Slide May Offer Strong Entry Point, Analyst Notes",Yahoo,https://finnhub.io/api/news?id=42be9a634a53f1ed0a8187193fca108ed14600e1f1eb51c9b8e5fdeafe40a7ad,2025-04-08 19:19:11
"Pullback in Apple shares creates buying opportunity, says BofA",Yahoo,https://finnhub.io/api/news?id=89b8754908c855e2a25348c31337986237b2d7f51d935578828617a7f39d33f1,2025-04-08 19:13:58
iPhone Buyers Rush Apple Stores Amid Tariff Fears and Supply Chain Shifts,Yahoo,https://finnhub.io/api/news?id=d9749e8a28a88b9e6bb372deee38cf9e4bf9aa94a0e27dfa6993b23a1b2aeca0,2025-04-08 19:05:34
"Tesla, Amazon, and Apple forfeit gains after fleeting Magnificent 7 stock rally",Yahoo,https://finnhub.io/api/news?id=dc7fb610b864a4838ec319cd46bb5ce70456bc93d3ba1dcdda2c306b4bd11c37,2025-04-08 19:03:00
"These Stocks Are Moving the Most Today: Apple, Nvidia, Broadcom, Humana, CVS, Tesla, Super Micro, Marvell, and More",Yahoo,https://finnhub.io/api/news?id=867fb6d8cf0c3891fa153b8427ded9b6037b04480ee6598142ed7fb4623674c3,2025-04-08 18:55:00
Why BofA Says Apple’s Recent Tariff-Fueled Slump Could Be an Opportunity To Buy,Yahoo,https://finnhub.io/api/news?id=0b917d568248c776aa69106f186b7432112f27e8a7569e48cc51384d40adcd46,2025-04-08 18:52:39
Apple Stock Is Dropping. Trump Wants iPhones to Be Built in U.S.,Yahoo,https://finnhub.io/api/news?id=7c629e2b71d31f1791567249958cfa51f2069ab3b162e4bf1b147ef0d0ab9d4b,2025-04-08 18:42:00
Apple's Shares Plunged After Tariff Announcement,Yahoo,https://finnhub.io/api/news?id=46777e1fbc48b32384bfd3bca540a5b37931d217b033080d44c2de2113b08f69,2025-04-08 18:27:35
Market Chatter: GOP Lawmakers Ask White House to End Data Sharing With UK After Apple Ordered to Create Backdoor,Yahoo,https://finnhub.io/api/news?id=a1c6a6adf2ff8f0f02a8d864f052d2111a8bb32831758ec4b07687c7cf8968e9,2025-04-08 18:23:01
Is Apple Inc. (AAPL) the Best Fundamental Stock to Buy According to Billionaires?,Yahoo,https://finnhub.io/api/news?id=ccc72c0d5a01fb553914bc76cf5853b33bd9114bf7fe2053c31509b9127a4517,2025-04-08 18:21:53
Apple stock drops 5% after Trump administration confirms China tariffs to reach 104%,Yahoo,https://finnhub.io/api/news?id=29053386a1dcd0b9ebc13ea9b2e1598e13fbad363cb297c4039c287c0fec5eac,2025-04-08 18:12:57
"Apple Sees Stock Plunge, Store Rush as Tariff Fears Grip U.S. Shoppers",Yahoo,https://finnhub.io/api/news?id=d380128c4db65f452b170864d9815d1db40825b46ca73c163d9ee153ee74e993,2025-04-08 18:03:34
"Building A $100,000 Dividend Portfolio: Enhancing SCHD With April's Top High-Yield Picks",SeekingAlpha,https://finnhub.io/api/news?id=306a992842aae5d6149230ab59ff4971d480f95ddae7c596fbb018078e5d5dd3,2025-04-08 18:00:00
Apple Stock Suffers Sharp Selloff: Buy the Dip in ETFs?,Yahoo,https://finnhub.io/api/news?id=6046f5a0632018364edab77394d399b95ab4798b895c786b4b5707f94d35bd1a,2025-04-08 18:00:00
Trump’s team thinks Apple’s iPhones should be made in the USA. Analysts are doubtful.,MarketWatch,https://finnhub.io/api/news?id=e5df509c4d82e5d28e1b518bc5e105480ad787f0fcc9a9d593021edc818e4843,2025-04-08 17:59:00
Apple: A Contrarian Buy Opportunity (Rating Upgrade),SeekingAlpha,https://finnhub.io/api/news?id=a49a905d6607d9bfeff4e6eed3e30ed4ec1d60996d663286a1672bea38187b93,2025-04-08 16:48:47
Stock Market Today: Indexes Negative As Stocks Gyrate; Investors Unsteady As Tariffs Set To Begin (Live Coverage),DowJones,https://finnhub.io/api/news?id=a1710378cc9be6762708778aeac604cfff114dedf46117f0164c3edc8eb21b5a,2025-04-08 16:38:27
Magnificent Seven Stocks Waver,Yahoo,https://finnhub.io/api/news?id=ea5862e3cbdd4582dd4dcc0462e3189992bcd6cafcf9a2ced8fab173781f02e1,2025-04-08 16:27:16
"Trump’s China tariffs are a ‘Category 5 price storm’ for U.S. consumers, warns analyst Dan Ives",MarketWatch,https://finnhub.io/api/news?id=fb6ebcaaa158b686b7c5c354ff77f1268d4447b28c1f99bfe931376259f62fb2,2025-04-08 15:43:00
"Stressful Markets, But Lots Of Opportunities In Tech",SeekingAlpha,https://finnhub.io/api/news?id=512f0fac91cd57e8758eade6442e956f95339d69b018c44cf8cc32d1716c9105,2025-04-08 15:40:00
China Sees Time on Its Side as Nations Rush for Tariff Deals,MarketWatch,https://finnhub.io/api/news?id=043ef30837668fbeeabc3c8db9d5796a9d162b5e7d6422f179894ebd00fe3bda,2025-04-08 15:11:00
"Apple, Nike share losses lead Dow's 250-point fall",MarketWatch,https://finnhub.io/api/news?id=30996f3f54b72dfeadbfa0746a0ce9b1581598024b166e79aa129ea9071d3c36,2025-04-08 15:10:00
Apple Sell-Off: A Massive Overreaction To Tariff News,SeekingAlpha,https://finnhub.io/api/news?id=9675168745d5726eceaefdd61b401c43b0ba4083197f4aac2f66e8bbe322f4fb,2025-04-08 14:22:15
Wall Street Lunch: Musk's Reported Plea To Reverse Tariffs Falls Flat,SeekingAlpha,https://finnhub.io/api/news?id=adb5e407e4bf4433b86852d9c9eaeca957a37feb3d543e5ad77b317bc8754650,2025-04-08 13:47:00
Buying tech stocks now? Here are the biggest do’s and don’ts.,MarketWatch,https://finnhub.io/api/news?id=64f7c8d8ddc5e2b41c82f5e28a773b1de60106962537dc7195b5a98477ce9617,2025-04-08 12:53:00
Netflix Looks Insulated From a Trade War. 4 Reasons Why.,MarketWatch,https://finnhub.io/api/news?id=c5d4a288dbc922c6cf96ff87a7977a7a7c34800b0e82dde21a474fb321a99bab,2025-04-08 12:48:00
Apple's $500B Power Move,SeekingAlpha,https://finnhub.io/api/news?id=0217356e31c2b5714ddeddbdf8ded27423922f2eeaf0b3b259ab7762ba335432,2025-04-08 12:22:16
"When Apple’s stock is this cheap, big gains often follow, according to BofA",MarketWatch,https://finnhub.io/api/news?id=a3f551a46d12ae76b82421323cd3bdc253979e40cf0dbdd940f2d23c8401526d,2025-04-08 12:21:00
"TSMC May Be Somewhat Tariff-Proof, Says Analyst",MarketWatch,https://finnhub.io/api/news?id=2ac45bf43a2aacbd73a194e2d4dfdd7f0aa6eff0487512b3c3aa5527bb29f2b4,2025-04-08 12:12:00
"Dow Jones Futures Jump 1,200 Points On Trump Tariff News; Apple, Nvidia, Tesla Rally",DowJones,https://finnhub.io/api/news?id=3a89532cde2a828769dc7634a2d873eef772be9c52427a243557d5e532546247,2025-04-08 08:23:22
Microsoft: I Was Wrong (Rating Downgrade),SeekingAlpha,https://finnhub.io/api/news?id=0fe640be7e52ac269798cc2e51a7b3366412207e39578b4efcfb9fd1c4c2c5af,2025-04-08 09:30:00
"These Stocks Are Moving the Most Today: Apple, Nvidia, Broadcom, CVS, Humana, Super Micro, Tesla, Marvell, and More",MarketWatch,https://finnhub.io/api/news?id=dc39f0f03a77a5e064d75e5b361395f7cf5ee68b9122e0e53a2da8c827472d0b,2025-04-08 07:31:00
Recession-Proofing Your Portfolio,SeekingAlpha,https://finnhub.io/api/news?id=2ab752356c3f58c4231fd378b6a8bad0c06f7634cd29b3b9df9021a06d80764f,2025-04-08 07:15:00
"As DEI Fades at Tech Firms, Women Are Still Uncommon in the Executive Suite",MarketWatch,https://finnhub.io/api/news?id=5403ea82bf57db6b1d2040f06367e51a8a933281578851b2c0811772acbf71db,2025-04-08 07:00:00
Trump's 54% China Tariff: A Game-Changer For Apple,SeekingAlpha,https://finnhub.io/api/news?id=080a9e038e745fca0368758e4e9e49f971416d1b7ff524ff178b96ba43650d85,2025-04-08 06:33:31
Bear Market History Can Inform Us About What To Do Next,SeekingAlpha,https://finnhub.io/api/news?id=64f1fe8de1cf89a543c9fc5a24e10fff642b5655f801128e5ce78e209cb3bfb7,2025-04-08 00:08:40
More Jittery Than A Pigeon In A Ping-Pong Room,SeekingAlpha,https://finnhub.io/api/news?id=a30ca95a1ccd1c3ff6e0d725bbcaa7ab1169d0143306d6b794cd8a1a70113007,2025-04-07 21:00:00
Sector Update: Tech Stocks Rise Late Afternoon,Yahoo,https://finnhub.io/api/news?id=51f928d6204a0ad4be0ded48c8e4a42eecd231eced96c9f338e360885f69c4b2,2025-04-07 19:57:36
Apple vs. UK: The Explosive Privacy Battle Big Tech Can't Ignore,Yahoo,https://finnhub.io/api/news?id=9799491627b5b07c1c5757ba152646d1b7f8983c9c22dcde9cf1776e8ef2b91b,2025-04-07 19:42:29
Apple Users Rush to Upgrade iPhones Ahead of Potential Tariffs-Related Price Hikes,DowJones,https://finnhub.io/api/news?id=c9d82640691eb65861229bc216848d7ae18af35dd4c522fbf735113c3da937e9,2025-04-07 19:34:00
Jim Cramer on Apple Inc. (AAPL): “It’s Bad. I’m Not Gonna Tell You It’s Good” – China Risk Looms Large,Yahoo,https://finnhub.io/api/news?id=179c0ffdbc8f76c72cdf83106b9f77531a3fdc69d4a137a30b20cf35ede19a7f,2025-04-07 19:06:00
"Dow Jones Futures: Trump Tariffs Trigger Extreme Stock Market Volatility; Apple, Nvidia, Tesla Are Big Movers",DowJones,https://finnhub.io/api/news?id=39cc56da2a5bbc592ae1f92f8c2019df8de38e2316b293b223764738995872cb,2025-04-07 18:52:26
Top Midday Decliners,Yahoo,https://finnhub.io/api/news?id=04e231e0a6c19176fb97267c0827631be43073361fb3c0a63b46dccc48b316f3,2025-04-07 18:36:03
Apple (AAPL) Leans Into U.S. AI Investment with $500B Pledge Amid Tariff Challenges,Yahoo,https://finnhub.io/api/news?id=3d5bcaf20a123352b02d0d4e85942c872bef354ec9cdf0fd6db347c4b85a433d,2025-04-07 18:12:19
Update: Apple Challenges UK Government Order on Encrypted Data Access; UK Tribunal Rejects Secrecy Bid,Yahoo,https://finnhub.io/api/news?id=4c15c3e25d5fbd72af2495730569f0a37cc14e976dfb73fef9c3ae0f6f451c04,2025-04-07 17:44:49
"Apple’s iPhone Could Cost Up to 26% More. PCs and Other Hardware Will Soar, Too.",Yahoo,https://finnhub.io/api/news?id=fc84fb7c09c770ce92a1840938bad52dfdd839b1777580620d4ca357f8ed3665,2025-04-07 17:35:00
Secret court rules against Yvette Cooper over Apple encryption,Yahoo,https://finnhub.io/api/news?id=8000e266f4b2dd7812bcbc7ba03ff93fc3baf0faa4ae64d0b40c75e8dbae8623,2025-04-07 17:13:42
Why Shares of Apple Are Getting Hammered Today,Yahoo,https://finnhub.io/api/news?id=91cd8cac129a06dd7e3f44f95354dc2062d19afd95ba8f1f5ccd1bcc948439d9,2025-04-07 17:11:27
Even Google Could Feel the Sting of a Trade War,MarketWatch,https://finnhub.io/api/news?id=f85a8e785036ded8a6965fb454e9566e77c3dc206b3e0f2540b69a5405519411,2025-04-07 17:03:00
"Apple Takes the Biggest Hit of the ""Magnificent Seven"" in Response to Trump Tariffs",Yahoo,https://finnhub.io/api/news?id=9ab3eaacb3d3e7b8e58e031ce185d941e89c0978b4de0c8e52ba5a17414c8f03,2025-04-07 16:45:00
"Apple Appeals Back Door Demand, US Intel Chief Warns of Cybersecurity Risks",Yahoo,https://finnhub.io/api/news?id=effee6558c5307f335eacd7b8ff3bcf96d78a8e468a935e433d7655778a6a54c,2025-04-07 16:28:38
"Dow's 534-point drop led by losses in shares of Apple, Home Depot",MarketWatch,https://finnhub.io/api/news?id=743fc712d25efc65c46bb9a3fa6ac16ded687719ab069aae9126b30b6f7c0482,2025-04-07 15:51:00
"Top Midday Stories: Tesla, Apple Hit by Tariff Woes, Wedbush Says; Trump Orders New Review of US Steel, Nippon Steel Deal",Yahoo,https://finnhub.io/api/news?id=887161047cdc5226978cdb6738f7d7f997a4123a7530d507eb9a48e32ceac238,2025-04-07 15:41:37
"Trump Tariffs: Will Trump Call A Time-Out As Billionaire Backers, S&P 500 Plead For Mercy?",Yahoo,https://finnhub.io/api/news?id=a89f83513c37aea7617644c1f0ef97d9376c90302a7d7d56354a5800799647b0,2025-04-07 15:05:10
"Apple, Nike share losses contribute to Dow's nearly 300-point fall",MarketWatch,https://finnhub.io/api/news?id=f68f28a69996116141d0d9c92d5cfbe1a9baa0712f88db6e2540b9196260f4f7,2025-04-07 14:50:00
Apple faces a 'complete disaster' as an analyst calls it tech's biggest trade war loser,Yahoo,https://finnhub.io/api/news?id=1a1d40f298bd92520600b2ea97232d927b756491b52b7381fba78beed9421799,2025-04-07 14:50:00
Ives: Investors With Long-Term Horizons Should Buy Nvidia (NVDA) Stock,Yahoo,https://finnhub.io/api/news?id=e8e8aa1d1601b21ce7c91a04d5f728b96e3fd79eecdb8b03449947f4b0eee171,2025-04-07 14:33:40
Apple Plans to Source More iPhones From India as Potential Tariff Fix,DowJones,https://finnhub.io/api/news?id=2e9b7977ae49f72addf4cc08c544a4a007b5d162cc94c62538384063236acf7d,2025-04-07 14:18:00
Tariff storm ravages Magnificent Seven as Apple nears one-year low,Yahoo,https://finnhub.io/api/news?id=b66c5f45662797a5ddb22622a08555b12da997bfd8640fd57100f7deb93711f9,2025-04-07 14:17:22
One chart shows how much optimism has been wiped out of the 'Magnificent 7' because of Trump tariffs,Yahoo,https://finnhub.io/api/news?id=b45cbaca9d2fe7970a5f9f11035a2e0b6947995a97a04be06d12dec6369b6825,2025-04-07 14:03:05
"Stock Market Today: Dow Jones Falls As Trump Raises Stakes In China Trade War; Nvidia, Palantir Outperform As Tesla Skids On This (Live Coverage)",DowJones,https://finnhub.io/api/news?id=530e275fefe6e3fc81d4bab9c4564bae908eae8ef54691a7edc6db942ec9107e,2025-04-07 13:53:46
"Tesla & Apple price target cuts, Spirit CEO steps down",Yahoo,https://finnhub.io/api/news?id=a79d6d67701786d2ba581522b25c08224b3ffa99d3278f9cb1da5f83938de8c3,2025-04-07 13:51:38
"Dow down 187 points on losses in Nike, Apple stocks",MarketWatch,https://finnhub.io/api/news?id=6c6c6b6ace86d36865b0db904995c2aaa81f84c5e89cf00812d76186d0a8c885,2025-04-07 13:49:00
"Stocks to Watch Monday: Tencent, HSBC, Alibaba, TSMC",Yahoo,https://finnhub.io/api/news?id=c8458116fcca9a9641135f99b834febf22f2cdfaf4a166a4e9dbc1634b339df2,2025-04-07 13:48:49
'Magnificent 7' stocks continue getting hammered as Trump tariffs drag markets lower,Yahoo,https://finnhub.io/api/news?id=a75618165797c0aa97bd3b91179449e4785ad65181c49a8ea8334bd85b285f7a,2025-04-07 13:39:20
'I find it impossible to catch my bearings': Yahoo Finance community reacts to Trump tariff stock market plunge,Yahoo,https://finnhub.io/api/news?id=bc4f3650a1e20e9d8b3adfbdea6f9013b14dd80680c6236e81f64d9f4acb6145,2025-04-07 12:54:01
"Nike, Apple share losses lead Dow's 975-point fall",MarketWatch,https://finnhub.io/api/news?id=ad3b5dc08e7575da5ddf7a1cc7c2caf745ad124b5393ddd34b31334e2ce9b1e7,2025-04-07 12:48:00
"Tariff Shock: Tesla's Price Target Slashed 40%, Apple Sees Major Cut",Yahoo,https://finnhub.io/api/news?id=f5eba20539584ea33f87a3bf14b06a5b29c0e7c6d9e23fbbe6068be8d6283f49,2025-04-07 12:24:14
Apple Stock Falls Again. How the Rest of the Mag 7 Are Trading.,Yahoo,https://finnhub.io/api/news?id=1091c03b2d1bbd8311c84e3bb79739d3b1db4c8909459c4efed193e048b270b1,2025-04-07 12:20:00
Apple Stock Bull Slashes Price Target Over Trump's 'Tariff Armageddon',Yahoo,https://finnhub.io/api/news?id=be678cea4408bccff2affbf7e5d2ba5e30fe9c4a93edc1edeca58a9a6e2d4da9,2025-04-07 12:13:37
"Apple: 2 Obvious Reasons To Buy, 1 To Sell",SeekingAlpha,https://finnhub.io/api/news?id=e5e833a5a2fb3c5f201a4a84c30dbde09ffb9972480d5af83dd66e662f57a616,2025-04-07 11:50:43
"Nike, Apple share losses contribute to Dow's 575-point fall",MarketWatch,https://finnhub.io/api/news?id=073e8a4d95e6609bb2f7afb910a7ab73f8da041e3e8b00eff574c034c4c498a6,2025-04-07 11:47:00
"Dow's 675-point fall led by losses for Nike, Home Depot shares",MarketWatch,https://finnhub.io/api/news?id=21f7e6db04ac2d0313d5eedcd1de78dd786ff5d88ff8f33f73f9d760c1bf6583,2025-04-07 10:46:00
"Trump Tariffs Pose Major Challenges for Apple, Tesla Amid Cost, Demand Impact, Wedbush Says",Yahoo,https://finnhub.io/api/news?id=2ae6d2ecf7694c55479a5088fc36248ec5d65287c17bd776aa9beba4c0e8d7ca,2025-04-07 10:36:48
S&P 500: Near-Term Bounce Going Into Earnings Season,SeekingAlpha,https://finnhub.io/api/news?id=9b6e4d08bc39d521229d4e41311e51fa4c23a370dc4db5cfaf0d57206e704511,2025-04-07 10:35:23
"Apple's Heavy China Production Exposure Makes Tariffs a 'Complete Disaster,' Wedbush Says",Yahoo,https://finnhub.io/api/news?id=80d9b45d9d8b128a33058526fbedfff01a65d2e82db2a2367889d4535ea8e17f,2025-04-07 10:15:45
Markets Tumble as Three-Day Selloff Wipes Out $9.5 Trillion,Yahoo,https://finnhub.io/api/news?id=0a44b2cb60357a8e93749af9b3e2bea0d935c27efcf1d0d11c45c090df840ed8,2025-04-07 10:10:44
Apple Hospitality Warns of Waning Travel Demand,MarketWatch,https://finnhub.io/api/news?id=2dd95f230d2bce35b288ca754b3886e2ded16078058dff8defe2cf881bb2f1cd,2025-04-07 09:56:00
"Dow's nearly 1600-point fall led by losses for shares of NVIDIA Corp., Caterpillar",MarketWatch,https://finnhub.io/api/news?id=c8d0d7cf8692e0c4303dcd72a03f63680722f45b0b562a2aed5e025b377bba41,2025-04-07 09:45:00
"Apple’s stock is the latest to see a ‘death cross,’ and it won’t be the last",MarketWatch,https://finnhub.io/api/news?id=0ef3af5a6cc7689f86fdc3b9abd092bf0e92874350556612ae42604350af4fa9,2025-04-07 09:35:00
"Dow Jones Plunges 1,100 Points On Trump Tariffs; Apple, Nvidia, Tesla Sell Off",DowJones,https://finnhub.io/api/news?id=15f3f8c670201be06629454b29829c9972b85c6f457033624cdf548a2189cfed,2025-04-07 09:31:20
"These Stocks Are Moving the Most Today: Apple, Tesla, GM, JPMorgan, Nvidia, MicroStrategy, Alibaba, Lilly, and More",MarketWatch,https://finnhub.io/api/news?id=5caddf1714d7932ad1b275553609a92f4f762868aaa33f2c83c5a47b4664177a,2025-04-07 08:58:00
This Market Selloff Was Long Overdue,SeekingAlpha,https://finnhub.io/api/news?id=8c592c354bf420b99cad1e7ee49e22f3bee7ba4228834a1ff53f1a2e6aa3c681,2025-04-07 08:28:18
"Dan Ives Calls Import Tariffs ""Armageddon."" Should You Really Buy Tech Stocks Now?",Yahoo,https://finnhub.io/api/news?id=70b47d6513eac14d3c42bcd99b56d76ed069269ef70ca214dfd64a232683ce5f,2025-04-07 08:12:00
"Tesla Bull Slashes Price Target 43%, Citing Trump Tariffs, Elon Musk; Apple PT Sliced 23%",DowJones,https://finnhub.io/api/news?id=60c7acd3f68aecf1d6f10d1398b69548da63be50c5db942f2052c29f22a562c4,2025-04-07 08:08:06
Apple: Wedbush still a buyer but cuts TP,Finnhub,https://finnhub.io/api/news?id=4d29cb1f147e6f0674332371f2d021976d0397a4cf5b7e46e139ca61f5ff4b7a,2025-04-07 07:40:22
UK Home Office loses bid to keep Apple legal challenge private,Finnhub,https://finnhub.io/api/news?id=16814a3b3885e247bb8b15250c8162cce3d92f669926e62c172c754d8acd9349,2025-04-07 07:18:12
S&P 500's Next Stop: Recession,SeekingAlpha,https://finnhub.io/api/news?id=58dae7209892244f36ee7dc48e0bad71e1d7836aa72c2d45847d46ae64c7c0ed,2025-04-07 07:15:00
Apple Slips After Bull Slashes Price Target Over Tariff Concerns,Finnhub,https://finnhub.io/api/news?id=fb8725bc59c3619b8ec971adaf6bf846a162fa48b251da5f5cf32f2d3f56e2ac,2025-04-07 07:04:13
Wall Street Breakfast Podcast: Bitcoin Dips Below $75K On Tariff Turmoil,SeekingAlpha,https://finnhub.io/api/news?id=0ece8e268a4e2229f0db2b60a955ae9b442debbf760c5bbbefc8e007775ac615,2025-04-07 06:50:05
"Apple appealing against UK 'back door' order, tribunal confirms",Finnhub,https://finnhub.io/api/news?id=11dad203413b6d41bc29dfbd672ad9007c5071074086fcb6e8ae63553cf138be,2025-04-07 06:27:17
"Apple appealing against UK government's 'back door' order, tribunal confirms",Finnhub,https://finnhub.io/api/news?id=c24b0f4c9c810c433c89f4b004b100d5b67a5dfe824d23187d0b152e35001da2,2025-04-07 06:22:52
ClearBridge Large Cap Growth Strategy Q1 2025 Commentary,SeekingAlpha,https://finnhub.io/api/news?id=80be56a32d96216effee072c15bb219513bdd6dfb22e03ea35104072819c70db,2025-04-07 06:15:00
Tesla shares tumble after bullish analyst Dan Ives slashes price target 43%,MarketWatch,https://finnhub.io/api/news?id=6f147802959db0c0d43e5cbbe8c125186b62430770eb3318f6907bb607e4ccb8,2025-04-07 05:40:00
I Buy These 4 Stocks To Weather Trump's Tariffs,SeekingAlpha,https://finnhub.io/api/news?id=179f666887a0f3a98154eaff6add4aadad7f4da76db2049c01bf89d5c4fbd9fa,2025-04-06 23:08:14
"Up 17% in 2025, Has Warren Buffett-Led Berkshire Hathaway Run Up Too Far, Too Fast?",Yahoo,https://finnhub.io/api/news?id=6df29398c582e6633b249d1b699da88ccd99fbddb5a4e5b29fc5367f50dcfa9b,2025-04-06 22:05:00
Australia PM Extends Lead in Polls After Trump Tariffs Hit,Yahoo,https://finnhub.io/api/news?id=50a057f13f4ca55de264381ca64a07d6f07c8a0164b0725de36d10b5f10f88de,2025-04-06 21:42:03
Is Apple Inc. (AAPL) the Best Beginner Stock?,Yahoo,https://finnhub.io/api/news?id=c60c6b2b162639137db1f58bc3e13122ced804e3007ae1f6c2d49475f0961f0d,2025-04-06 20:48:19
Soaring Tariffs Have Investors Concerned Kiwi Will Test 2020 Low,Yahoo,https://finnhub.io/api/news?id=9df03ea41bef2cf90815d5500bae42e1b34d3600af43d3dfea0a68b5c24d8207,2025-04-06 20:00:00
Apple (NasdaqGS:AAPL) Dips 14% In One Week As Trade Tensions Impact Market,Yahoo,https://finnhub.io/api/news?id=9b07b2bb971dd934788a567999ae7a50bce629a3606c3d6a00f7e3a9a506cf54,2025-04-06 17:19:27
Apple: The Generational Buying Opportunity Is Here,SeekingAlpha,https://finnhub.io/api/news?id=5d9356c548e95b57d9c61e147d40efe3453e19369a8e12f5b7b154720645e9d1,2025-04-06 15:01:45
Think You Know Apple? Here's 1 Lesser-Known Fact You Shouldn't Overlook.,Yahoo,https://finnhub.io/api/news?id=36782b28f7d8b424e9406d9597e92f81cee087042a00a43272661ffe0fb8e7df,2025-04-06 14:00:00
Why Trump tariffs have made it impossible to pick stocks,Yahoo,https://finnhub.io/api/news?id=5b9b2d84df69c8a2d1c6807f3ddd0a29fb354aa1c770613b675505aa3b8b5e3a,2025-04-06 12:30:33
Apple’s collapse proves cosying up to Trump is no guarantee of safety,Yahoo,https://finnhub.io/api/news?id=6b91344783d658e13f6eb26dab5df8083d7dc63c265c9259de155d33cb61486f,2025-04-06 11:00:00
5 big analyst AI moves: Chip stocks at risk due to tariffs; ASML downgraded,Yahoo,https://finnhub.io/api/news?id=7134647ac21a387d2643720445981c87498f74b5c15c4ed1f920a0ad0258196d,2025-04-06 10:30:06
2 No-Brainer Artificial Intelligence (AI) Stocks Owned by Warren Buffett Right Now,Yahoo,https://finnhub.io/api/news?id=e300fce470a546838a3e2753caf88261c15825caaedc720c09d38448603ecf77,2025-04-06 10:25:00
QQQ: Look Past The Tariff Damage As Investors Aren't Foolish,SeekingAlpha,https://finnhub.io/api/news?id=6f5303330822ac2decac2c50d7ca8b1838be903b301b4ffacc351116acb70cc5,2025-04-06 09:00:00
The Thin Skull Rule: Trump Tariffs To Blame For Market Crash?,SeekingAlpha,https://finnhub.io/api/news?id=81816a3850e4cdc7c4735fd602f7b5ea266d1812932e11f200ef82bf531c56d3,2025-04-06 08:45:00
"Billionaire Investor: 'Do Not Catch Falling Knives,' Buy Dividends Instead - Our Picks",SeekingAlpha,https://finnhub.io/api/news?id=1a810025318a4cc84a9295d5fdf03bdbc10b760e3c52ea4f653dd6f4ee4ed88d,2025-04-06 07:05:00
"Stocks could bounce, but big bank earnings hold the cards",Yahoo,https://finnhub.io/api/news?id=a2c30bad978365a5235c0d128a2ebafa15bf01b0511cca2f7c77a661f9dd48cf,2025-04-06 05:42:03
"Some iPhone Users Upgrade, Fearing Tariff-Induced Price Hike",Yahoo,https://finnhub.io/api/news?id=04e2b098948c8cbbb23c2a02fda7013e18dccdc1c8f883eedecdf96acd3b24d9,2025-04-06 01:12:53
CII: Looking Like A Tempting Opportunity,SeekingAlpha,https://finnhub.io/api/news?id=461eee98ef8654f33cdee6754f76dd567cd6a3fed5c10d65144aaf0537e95a31,2025-04-05 23:33:21
3 Top Buffett Stocks to Buy and Hold for the Next 20 Years,Yahoo,https://finnhub.io/api/news?id=31a158b9dea50bb90d15f87422cd480464919a65e08375f0b09670dc1b9a720f,2025-04-05 22:03:00
"Apple, Nvidia Among Tech Giants Hit Hard in Stock Market Selloff",Yahoo,https://finnhub.io/api/news?id=cf46961b7613cb704cb9b8cf010d285df24202e5873b8fd9a8013f6bc7ed77f5,2025-04-05 18:30:53
Warren Buffett keeps taking investors to school as stock meltdown reveals the uncanny wisdom of his recent moves,Yahoo,https://finnhub.io/api/news?id=95d3e05c28e8da7bbeec61fbb0c644865d027ad78fb65795e4e30910d90c7d79,2025-04-05 18:15:21
Apple (NasdaqGS:AAPL) Faces 14% Price Drop in a Week as China Tariffs Impact Stock,Yahoo,https://finnhub.io/api/news?id=c24074658ada85bc3ae08c180af31152c0c66807ab68b2296fc498af6cfaf6a1,2025-04-05 17:28:14
Trump Promised a Manufacturing Boom. Industries Are Not So Sure,Yahoo,https://finnhub.io/api/news?id=49837d3b2117084604b8ed1faee2d21fc8f912ea7e3d30e459dc15f7500fc5c1,2025-04-05 14:00:00
Warren Buffett-led Berkshire Hathaway Owns $67 Billion of This AI Stock,Yahoo,https://finnhub.io/api/news?id=a652c83114323719b756a71ffc78924739c0c75a0b0f810446682f5e94bcacae,2025-04-05 13:25:00
Nvidia Partner Hon Hai’s Sales Jump 24% on AI Demand,Yahoo,https://finnhub.io/api/news?id=d86046260ded650c023058fbf6387abcf2437414f877fe1846b34f4573ddc410,2025-04-05 13:03:02
'Nowhere to hide.'  How Apple and others in Silicon Valley are bracing for Trump tariffs,Yahoo,https://finnhub.io/api/news?id=34412678d4cc50481e13d112cf1f8904837c6091cc3c17cad1004a55c325eab6,2025-04-05 10:00:24
"The Weekend: When Trump hit reset on global trade, sending markets into a tailspin",Yahoo,https://finnhub.io/api/news?id=a6f384ae6cba2bc332a12fa3c527685fe0d8e734db7f2808acdd9ddbb6f68e8a,2025-04-05 09:59:24
'Trump Tariffs Could Blow Up Apple': Analyst Estimates $39.5 Billion Impact,Yahoo,https://finnhub.io/api/news?id=e906894a9f2a01f8dcd274a7a067ab6821eb1791882b89129a7b5fadf9155f61,2025-04-05 09:45:14
Here’s the iPhone. Here’s the iPhone With Tariffs.,Yahoo,https://finnhub.io/api/news?id=88f5d48095a6b1b4ea8bfa5e638104bdbb31b7f8dd386fdf841063cf453eac09,2025-04-05 09:30:00
6 Dividend Growth Stocks I'm Buying As Tariffs Crush The Economy,SeekingAlpha,https://finnhub.io/api/news?id=20845704eab695cae3aac7f5c3f614fe6129cd173c6453dea4338a2c23048daf,2025-04-05 08:05:00
"3 Growth Stocks That Have Turned $1,000 Into More Than $100,000 in 20 Years",Yahoo,https://finnhub.io/api/news?id=7554c130f18534fe1088066131ff3cc05811bd6133ab625374894e2b6a1460d5,2025-04-05 07:23:00
Apple's Downward Spiral: A Crisis It Can't Escape,SeekingAlpha,https://finnhub.io/api/news?id=543793734aaab741b4fecdc7cfd69ed5e163657fc2329bcec7abc0d367c6e2a3,2025-04-05 04:43:19
"Foxconn reports record Q1 revenue, says it must closely watch global politics",Finnhub,https://finnhub.io/api/news?id=c8b91ae38e82d88b59ff8b88787c0865c4d4820f3d2f2d29dd78a6c5737797e9,2025-04-05 04:25:55
"From Ray-Bans to Wigs, US Buyers May See Unexpected Price Hikes",Yahoo,https://finnhub.io/api/news?id=8601cf7a01115ffeb83b9810a53ee9c143b156370c4bd01588e1a4c832ad8010,2025-04-05 04:00:02
Foxconn reports record first-quarter revenue,Finnhub,https://finnhub.io/api/news?id=7279cdfc80832fdd45c63d1b13fb931b1e53824c3a841d0efcfc4cdf675fdbd6,2025-04-05 03:42:19
"Markets Weekly Outlook - FOMC Minutes, Tariff Developments And Inflation Ahead",SeekingAlpha,https://finnhub.io/api/news?id=c39666271d05c06b96a9e94bfbf628205ee87250ad6f4d6e0452a867403fcc89,2025-04-05 00:50:00
Apple (AAPL) Labeled ‘Underweight’ Over Undefined AI Strategy and China Market Declines,Yahoo,https://finnhub.io/api/news?id=d6bc720be21f7d64d223d4ee9d76a5fac746019a36a17d6deaced35071720219,2025-04-04 23:12:35
Former Microsoft CEO Steve Ballmer says companies need to continue to invest despite tariff turmoil,Yahoo,https://finnhub.io/api/news?id=d4a6ea09ef7b732cd288327235040352765227bc3c1ed4c0196db4a1b8f011b4,2025-04-04 22:36:22
"The Score: Nike, Apple, Stellantis and More Stocks That Defined the Week",Yahoo,https://finnhub.io/api/news?id=8e03b7db622d14a45781723200638b6d9e0ed226d646e561915ae7e3f4afcced,2025-04-04 20:48:00
"These Stocks Moved the Most Today: Apple, Tesla, Nvidia, Boeing, DuPont, Intel, Nike, Affirm, and More",Yahoo,https://finnhub.io/api/news?id=c35b7abd45d26ed7e2dcfbff62ef8b575565e5f07c40d4299a0b5bdc50189072,2025-04-04 20:36:00
"Nvidia, Apple, Tesla stocks plunge, leading another 'Magnificent 7' sell-off as a trade war intensifies",Yahoo,https://finnhub.io/api/news?id=e4c0dca9f4d8a8d4e8ba25d65f7419c3b902936b2c0e5c4063d23cbc0e00a438,2025-04-04 20:28:05
US Stock Market Wipes Out Over $5 Trillion on Trump’s Tariff War,Yahoo,https://finnhub.io/api/news?id=1d798c6c65d88c39bc64616fe77ab0cb78610014b5e4c3b39d52c7326705890d,2025-04-04 20:26:32
Apple Stock Falls Despite Speculation It Could Get A Tariff Exemption,Yahoo,https://finnhub.io/api/news?id=4f16d049d71922fedecf0920c6776bece32608e9a6fcf38a595840be39b091f7,2025-04-04 20:13:18
"Nike, Lululemon Rebound as Trump Touts Call With Vietnam Leader",Yahoo,https://finnhub.io/api/news?id=14b8b6967f4241b7f9f35cd4ad1d2894f966dc89751ecfb1507842036a1c6496,2025-04-04 16:47:24
Apple Has No Place to Hide. Tariffs on China Are Just One Problem.,Yahoo,https://finnhub.io/api/news?id=64d7fc3ce5f89603eb8daa9146c601f757be17c9395523790ec2cc43a112165b,2025-04-04 19:39:00
"TikTok deal put on hold after China indicated it would reject it over tariffs, sources say",Finnhub,https://finnhub.io/api/news?id=a0e8b8f9a8d65fad732d02b4c07666e0ddfdbc2d77d92074f90fe6dcda75189c,2025-04-04 18:45:04
President Trump Just Gave A Huge Gift To Dividend Investors,SeekingAlpha,https://finnhub.io/api/news?id=0ad2f80d34a6c6764ddeecb482ee5aeec3bf076293050666555e79887f92d5c9,2025-04-04 17:44:13
"After $450B hit on tariffs, is it time to plug your nose and buy Apple?",Yahoo,https://finnhub.io/api/news?id=7a61114f0a2be9418992341a6d1cc4a9153cc0bdbaa1e94b9bcb6dba9f8ddd6b,2025-04-04 17:09:15
"Before buying Apple’s stock, know that chances of a tariff exemption are slim",MarketWatch,https://finnhub.io/api/news?id=c0483285116e4bd656e5de49a48b9d4810021d8c3d20ab39bd0315f829d7d66c,2025-04-04 17:00:00
Tesla Is Transitioning For Industry 4.0 (Rating Upgrade),SeekingAlpha,https://finnhub.io/api/news?id=47034c7b1863cc2f23b78515106717ae1f1005d975f8fb7e23b89cf9ef04f159,2025-04-04 16:52:40
"Microsoft unveils a more personal Copilot, leaving rival Apple further behind",Yahoo,https://finnhub.io/api/news?id=1600c701ebec80fedb9cc0474eb6a5d72d6d852d651d09fc1794453ee2c25649,2025-04-04 16:31:50
Trump's Liberation Day Tariffs Will Likely Change Apple Forever,SeekingAlpha,https://finnhub.io/api/news?id=d0d6318e7a9bb7c14bce63fd5dec94acef5613b4250040e7a5710294572e6f32,2025-04-04 16:31:11
Apple Just Lost $250 Billion -- And That Might Be Just the Beginning,Yahoo,https://finnhub.io/api/news?id=faf9797dbc8ef040d04f882aec33b6735c11e57e0c4e49c0d2b52d159a9a246c,2025-04-04 16:00:25
"Japan's Rapidus in talks with Apple, Google to mass-produce chips, Nikkei reports",Yahoo,https://finnhub.io/api/news?id=0d035528f0a4267116d1c0b26e5e6ecfbbfa70fef7843154c0b76a35366fe568,2025-04-04 15:55:04
"Nvidia, Tesla stocks plunge, leading another 'Magnificent 7' sell-off",Yahoo,https://finnhub.io/api/news?id=ac3777bb558898a077a2fc286fddad018a8320fe50ad712dfbfb3ca6d416834f,2025-04-04 15:52:55
"Tariffs will bring higher gadget prices and 'dark days' for tech, analysts say",Yahoo,https://finnhub.io/api/news?id=86a0c46e11e1097249f53559c0b3204c51b3b2012d34b4be05c2baa8104f04ea,2025-04-04 15:50:00
"Apple's Fiscal 2025 EPS Could Fall 28% Without Tariff Exemption, Needham Says",Yahoo,https://finnhub.io/api/news?id=2c4d24b6bae46a061c9227d68dbf400ccb5d23937ba3a114634818660caf2665,2025-04-04 15:36:59
Tariffs Hit Retail And Tech: Who's Ready To Make A Deal,SeekingAlpha,https://finnhub.io/api/news?id=93566e9d00c13e1b605c830f052f2623d26da46a9272cea0ee1f2d648dd503ad,2025-04-04 15:33:13
Stocks slump again after China fires back in trade war with tariffs on US goods,Finnhub,https://finnhub.io/api/news?id=4bc16abd20b6294e4d29e47c8e245f5096b51d9f2c2994ca7138cf1be4d7e025,2025-04-04 15:06:42
"A $3,500 iPhone? One analyst explains how it could happen.",Yahoo,https://finnhub.io/api/news?id=8d8fa6c30f71ceaf8153ca702a999f5bb98b1657bb7ad7a37720bfa85e45e51b,2025-04-04 14:50:23
Needham Projects Apple Earnings Slide as Trade Risk Mounts,Yahoo,https://finnhub.io/api/news?id=3081b87a9eed23c9b4b952a925aa1dabab95c5a1940b964ae3e17d4928f223a9,2025-04-04 14:41:37
Analyst Says Apple (AAPL) Needs ‘More Than’ Executive Shakeup Amid Its ‘Vulnerability’,Yahoo,https://finnhub.io/api/news?id=5c40c576ad2f461f3c49aa6e8b49780e1d70b3a78d1122349eb621bddded137d,2025-04-04 14:02:39
Wall Street now hates these 10 stocks because of Trump tariffs,Yahoo,https://finnhub.io/api/news?id=405ba112b6703a8901d0aa044caa4f13fdd7ad8fbf6f9e806c1df6627499896d,2025-04-04 13:54:45
How Are the Magnificent Seven Doing After the Tariff News?,Yahoo,https://finnhub.io/api/news?id=f9a4ac2c58f840b14d21fa054873ff003f786a7de1b79d5aebf0f91239db9fac,2025-04-04 13:41:56
Why Apple may surprise investors with AI after all,Yahoo,https://finnhub.io/api/news?id=1d56d9d1680a8a7cfed1f9a931de52cbe64d95dd76fae5a4f6dccf6602c38bd1,2025-04-04 13:30:27
Apple Inc. (AAPL) Is a Trending Stock: Facts to Know Before Betting on It,Yahoo,https://finnhub.io/api/news?id=63ee35c153598b10fb5af3b38e34515dd5b3d00d3b58b0dde93ebd516233945a,2025-04-04 13:00:12
Overweighting Apple And Microsoft: A Strategic Play For Strong Risk-Adjusted Returns,SeekingAlpha,https://finnhub.io/api/news?id=b7ececf66395227cf7815d0ff0b03cc5c8cd5b9aea9d601f3b81447c31404d7e,2025-04-04 13:00:00
"These Stocks Are Moving the Most Today: Apple, Tesla, Nvidia, Boeing, Dell, Intel, Affirm, GameStop, and More",Yahoo,https://finnhub.io/api/news?id=b0c774b16412556baaad0e9ba3a8e0bae33be60c8bc90fcf773dae0057f1e103,2025-04-04 12:58:00
Don't Miss The Ongoing Sector Rotation,SeekingAlpha,https://finnhub.io/api/news?id=79f9c4fc581de6e423d99fbd0a3c671171b014f0438f10a482fd5183ef690f03,2025-04-04 12:45:41
Wall Street hunts for cheap tariff-proof stocks after the carnage,Yahoo,https://finnhub.io/api/news?id=3a17b1081af4b1f5846cd0d7534d7ab2df016610d084abe68d66b6e9c4b31b00,2025-04-04 12:42:55
"Wall Street's biggest tech bull warns of $3,500 iPhones as 'economic Armageddon' looms from Trump tariffs",Yahoo,https://finnhub.io/api/news?id=161c57c376c357371576621047e52f287b14cc98195d6707fa6b579b4c24b903,2025-04-04 12:26:38
These U.S. companies might have the most at stake as other countries counter Trump’s tariffs,MarketWatch,https://finnhub.io/api/news?id=4fa252e859246e2755ac9ffc059aa1ae3bfca7c93a3a973a21093cb02e94687c,2025-04-04 12:20:00
"""Magnificent Seven"" Wipes Out Billions as Tariff Fears Fuel Ongoing Selloff",Yahoo,https://finnhub.io/api/news?id=4cfc253b7a17016957f5df60d330b400150349171772f58ae0f1565024a1b366,2025-04-04 12:10:08
Latest News In Cloud AI - Optimizing Cloud Costs Flexera's Latest Management Tool,Yahoo,https://finnhub.io/api/news?id=5ee73b4feaf9ef76751efce680c076a6a322f7ddb1701bf6e5c2b33090316992,2025-04-04 12:07:44
Vision Capital Fund 2024 Annual Investor Letter,SeekingAlpha,https://finnhub.io/api/news?id=c7e4b871822b9976e0af4ca11ade7c7f2f9b64b6ed7533a6b1571015231cf3d5,2025-04-04 11:50:00
How Trump tariffs led to a $2.5 trillion wipeout for the US stock markets – and why worse is yet to come,Yahoo,https://finnhub.io/api/news?id=b57d5bcfa4d2862292b02747b71c75bcdac486674dfd7a03e4afb8092d157d7e,2025-04-04 11:36:33
"Trump Says Stocks Will Boom After Tariffs, That Depends on His Dealmaking—and China. 4 Other Things to Know Today.",Yahoo,https://finnhub.io/api/news?id=2b0408ae350bd89c3eb015448678e24105e7d2991cb51d926eeffed0fbca7bf3,2025-04-04 11:14:00
"The Best Nasdaq ETF to Invest $1,000 in Right Now",Yahoo,https://finnhub.io/api/news?id=17e7d3db1ecde761496cffd34644cd751545b02df28d7755840720d3653bd851,2025-04-04 11:00:00
Apple Just Had Its Worst Day Since 2020: The Stock Is Still Expensive,SeekingAlpha,https://finnhub.io/api/news?id=b226720afb2b1cc40cc73ab708424c1d5760a8474b56bba7d0ef4d905076df4a,2025-04-04 10:28:27
China hits back hard in global trade war with tariffs on US goods,Finnhub,https://finnhub.io/api/news?id=fcb8c91f339a272ca0aac14971ec439465fdb97dd8d06fbced6aa9341ebd5903,2025-04-04 10:02:02
"Yahoo Finance newsroom analysis: How Trump's tariffs are affecting Big Tech, retailers, automakers, oil, and bonds",Yahoo,https://finnhub.io/api/news?id=052ffb8f6b029257b45122fa6e01979b4e5dd61ded63351ab0745c516fcfb469,2025-04-04 10:00:56
"OpenAI, Apple, & Meta race to dominate the future of this tech",Yahoo,https://finnhub.io/api/news?id=f67bc0694d6441a0ef94e428b688282c2bff141392e5a6ab73ad5fde4c394a53,2025-04-04 10:00:00
Apple's Heavy Dip Was Well Deserved,SeekingAlpha,https://finnhub.io/api/news?id=910938d6aa64d1b6248789b38c9ad7711a2bd5b09344e74324da7fb81deb5fc9,2025-04-04 09:52:12
"Dow Jones Plunges 1,000 Points On U.S.-China Trade War Fears; Apple, Nvidia, Tesla Sell Off",DowJones,https://finnhub.io/api/news?id=704a0e9dcb5674c4704d7c790370c5db4b353ffb61c011becdcc820c0110ca6c,2025-04-04 09:33:15
Andvari Associates Q1 2025 Letter,SeekingAlpha,https://finnhub.io/api/news?id=61791deedff4c44e8e2d77783ef2274c21fb02347e8926a885f9e07dc64b7870,2025-04-04 09:25:00
"Trending tickers: Apple, Nike, Starbucks, Best Buy and Restoration Hardware",Yahoo,https://finnhub.io/api/news?id=6b2ef95c5c20271b82f5f98deeb9a50f38ce0b5479b459aba952ac2e220b01bf,2025-04-04 09:12:37
"Apple Is Overpriced, Vulnerable And Heading Into A Storm",SeekingAlpha,https://finnhub.io/api/news?id=3e47c4220b8674e36616a4a2e93cfaaac1f50b9a769e07160728a2d5c553b4d2,2025-04-04 09:00:07
Trump Tariffs: How China's Retaliatory Move Is Hitting The S&P 500,DowJones,https://finnhub.io/api/news?id=241ad3932ec7cf650c39650a95d12dfc7cd3fea7859310ef417e1e06832afd7c,2025-04-04 08:47:58
"Tariffs to Take US Tech Back a Decade, Wedbush's Ives Says",Finnhub,https://finnhub.io/api/news?id=f9aca653f3da326ca4750bf2ed5315730e7f6bf976b7e3c9784a543a15f84bc0,2025-04-04 08:15:56
‘Worst-Case Scenario’ for Tech Wipes $1.4 Trillion from Nasdaq,Yahoo,https://finnhub.io/api/news?id=64f27bc3795063cf9198810a1e939dc4dce3d19406eb82b69af97972998bcaac,2025-04-04 08:14:06
Dow Jones Futures Dive As China Retaliation Vs. Trump Tariffs Raises Recession Fears,DowJones,https://finnhub.io/api/news?id=50a23f1766a7507bf893928e9c712ceb096e64253d588b24b3a5ce04d091e560,2025-04-04 08:09:04
Apple And Meta Get Nixed — But Top Funds Binge On This Stock,DowJones,https://finnhub.io/api/news?id=2b339c4d408cb3a29ec98a1592bcef485407c47361409f341f1bce10d28e1e10,2025-04-04 08:00:34
2 Warren Buffett Dividend Stocks to Buy and Hold Forever,Yahoo,https://finnhub.io/api/news?id=d04ea9b1553b89d41a605a240039209ccbcda877b0f0909a71d673af07b06b9a,2025-04-04 07:55:00
"Can't Put Toothpaste Back In The Tube: Tariff, Recession And Bear Market",SeekingAlpha,https://finnhub.io/api/news?id=647147f8d941a65c6b45e0885136f7a7b9ba63bb52e76d4779d1d466ff52ec41,2025-04-04 07:42:56
Warren Buffett's Favorite Stock to Buy -- $78 Billion Purchased in Less Than 7 Years -- Is Absolutely Crushing the S&P 500 This Year,Yahoo,https://finnhub.io/api/news?id=0930da242b5df2c3b8f072e40c864e72ce6976d99c5b34702f879be26ad31338,2025-04-04 07:06:00
MGK: An Efficient Way To Capitalize On The Future Growth Of AI,SeekingAlpha,https://finnhub.io/api/news?id=1b0e87e28c8821035dcc70da678587251139280cfb8fc39eb6c643f300a488c7,2025-04-04 07:00:00
2 ETFs Cheaper Than The Ones You May Already Own,SeekingAlpha,https://finnhub.io/api/news?id=4912989689687b53c939fa74174ef454a37514b3f6540b5d3826b3ef3bebb9b7,2025-04-04 06:52:00
Apple: 6 Reasons To Consider Buying Amid Tariff Uncertainty,SeekingAlpha,https://finnhub.io/api/news?id=4a4cba9271fa588dfa1dda72e291a367e09c09561cab8746e9a2f192dafe03eb,2025-04-04 01:23:41
Top 50 High-Quality Dividend Growth Stocks For April 2025,SeekingAlpha,https://finnhub.io/api/news?id=7e164db62b82712493c6c3ac3658c57e9cc854ca8b7bd166867e1c6f8ba49c6d,2025-04-03 23:28:20
Analysts see challenges for Apple over tariffs,Yahoo,https://finnhub.io/api/news?id=766643c61f875ed1773d958a28cf443d78531149af6cb07e53a1153ccbe6cbcf,2025-04-03 22:37:00
Trump says tariffs going ‘very well’ as stocks sink,Yahoo,https://finnhub.io/api/news?id=a8da87f8455de0c2e87065d5891a5c469c44cd586a325b93248230fb5fd5de73,2025-04-03 21:52:26
Buffett’s Berkshire weathers tariff-fueled stock-market selloff,Yahoo,https://finnhub.io/api/news?id=f3da41b06eb07d2c7bb8831759e8b1a9b3f835510f0effd88a5073dc732cda63,2025-04-03 21:24:49
Stocks Plummet as World Leaders Respond to Trump Tariff Blitz,Yahoo,https://finnhub.io/api/news?id=6a6e1aae847f0df235662d45727999ac0ccc547d47d713b1edc73e425b7cb933,2025-04-03 21:04:00
Should you sell these 5 tech stocks heavily exposed to tariffs? How to crunch the numbers.,MarketWatch,https://finnhub.io/api/news?id=e6d4ec9fb0e7a6be490920fcc2e67fed5c574ebedf2ee8a896774fb52ef872c8,2025-04-03 19:03:00
"Trump's ""Reciprocal Tariffs"": Why Major AI Stocks Apple, Meta, and Alphabet (Google) Are Feeling the Heat Today",Yahoo,https://finnhub.io/api/news?id=db8956e98b7b6a0deaf85a05e2a75b9f8edacc4130e47dbbab7e16dfadb88383,2025-04-03 18:27:12
"Apple sheds $300 billion in tariff-fueled sell-off, on track for worst drop since March 2020",Yahoo,https://finnhub.io/api/news?id=4b60ae1603a6dac8987fba00e2942c12db219ca7cd2ecefad51d655e95cb297f,2025-04-03 17:57:27
"Stock Market Today: Dow Plunges Nearly 1,700 Points; Small Caps Hit Bear Ground But These Stocks Shine (Live Coverage)",DowJones,https://finnhub.io/api/news?id=35f196cb624909316b2a8487b8cf5cb0a5aeaa5ab89b92537c7a5c7983929851,2025-04-03 17:25:52
Why Apple (AAPL) Stock Is Trading Lower Today,Yahoo,https://finnhub.io/api/news?id=1e4149a0dbce2dbed885b1331d1ada2c50254a18aa4f6cb3528a18f702bb4180,2025-04-03 17:11:21
"Apple Products Made in US a 'Fantasy Tale,' Wedbush Says",Yahoo,https://finnhub.io/api/news?id=cb92f58fc7824f0218a291679b3bddd263d8a057e101d42ebb7bdebebc6ec5af,2025-04-03 17:06:14
"Apple's Cook kissed Trump's ring, but tariffs wipe out nearly $300B in value",Yahoo,https://finnhub.io/api/news?id=f881a1462de0f2c264eb97ea5ff2176f11c070840e29546bb24858cb321d65ee,2025-04-03 17:04:05
"Tech, Media & Telecom Roundup: Market Talk",DowJones,https://finnhub.io/api/news?id=c8e0b47a0e8168d3bb7ef67c3fcc087be7a62147c42b7b8cb09c50689e6720fd,2025-04-03 16:55:00
"Trump's tariffs provoke trade war threats, fears of pricier iPhones",Finnhub,https://finnhub.io/api/news?id=8c6e588c1e80dffe65e30d431541b1155144d98d947ce4e48e92bf54058a2011,2025-04-03 16:52:24
Trump says China could get tariff relief if it approves TikTok deal,Finnhub,https://finnhub.io/api/news?id=d1cb48c520f18d1ca241e5fdbe2f461aa1ae8675c757b2bc1b647df47c8722ad,2025-04-03 16:50:29
"Trump Tariffs Take Down Apple, PC, Consumer Electronics Stocks",DowJones,https://finnhub.io/api/news?id=054e5d1dad5a062a35575c69946250f17417cde5af4ab5760b0896b4c083ecbf,2025-04-03 16:48:57
The ‘Magnificent Seven’ saw a record $1 trillion wipeout — and Apple led the way,MarketWatch,https://finnhub.io/api/news?id=2ccb11007e0ad77438334712cdc92d9e757e84b2f0cfdc0cfb14596d717fbe49,2025-04-03 16:48:00
"These Stocks Moved the Most Today: Apple, Nvidia, Tesla, Nike, Dell, Bank of America, RH, Lamb Weston, and More",MarketWatch,https://finnhub.io/api/news?id=cdd84c08b9b231580c980a9f09757d66f958c92c160d9b0ebfa662c7737904db,2025-04-03 16:41:00
Bearish Options Trade on AAPL Unveiled,Yahoo,https://finnhub.io/api/news?id=b81074ab2412f7af6c4bd2d250b13ae55dfe1729b1be176b7a21fbeb1e5acb40,2025-04-03 16:29:34
Will Trump tariffs make Apple iPhones more expensive?,Yahoo,https://finnhub.io/api/news?id=0d8cfe9308ecc2e614ffe4c5a675012f478ee3579caa3d4068397df25bbc87e0,2025-04-03 16:27:39
Apple stock leads Magnificent 7 drop as Trump tariffs rattle big Tech,Yahoo,https://finnhub.io/api/news?id=8561feb08ce9fcfba38aa12047c023c3b4c6425ecf615fe9fe223a30077f9053,2025-04-03 16:26:33
